<?xml version="1.0"?>
<!DOCTYPE hibernate-mapping PUBLIC "-//Hibernate/Hibernate Mapping DTD 3.0//EN"
"http://www.hibernate.org/dtd/hibernate-mapping-3.0.dtd">
<!-- Generated Mar 20, 2021 11:44:09 AM by Hibernate Tools 4.3.1 -->
<hibernate-mapping>
    <class name="dao.Category" table="category" catalog="biddingschema" optimistic-lock="version">
        <id name="id" type="java.lang.Integer">
            <column name="id" />
            <generator class="identity" />
        </id>
        <property name="value" type="string">
            <column name="value" length="45" not-null="true" />
        </property>
        <property name="description" type="string">
            <column name="description" length="150" />
        </property>
        <set name="products" table="product_has_category" inverse="false" lazy="true" fetch="select">
            <key>
                <column name="category_id" not-null="true" />
            </key>
            <many-to-many entity-name="dao.Product">
                <column name="product_id" not-null="true" />
            </many-to-many>
        </set>
    </class>
</hibernate-mapping>
