<?xml version="1.0"?>
<!DOCTYPE hibernate-mapping PUBLIC "-//Hibernate/Hibernate Mapping DTD 3.0//EN"
"http://www.hibernate.org/dtd/hibernate-mapping-3.0.dtd">
<!-- Generated Mar 20, 2021 11:44:09 AM by Hibernate Tools 4.3.1 -->
<hibernate-mapping>
    <class name="dao.Seller" table="seller" catalog="biddingschema" optimistic-lock="version">
        <id name="id" type="int">
            <column name="id" />
            <generator class="foreign">
                <param name="property">user</param>
            </generator>
        </id>
        <one-to-one name="user" class="dao.User" constrained="true"></one-to-one>
        <property name="value" type="string">
            <column name="value" length="100" not-null="true" />
        </property>
        <set name="products" table="product" inverse="true" lazy="true" fetch="select">
            <key>
                <column name="seller_id" />
            </key>
            <one-to-many class="dao.Product" />
        </set>
    </class>
</hibernate-mapping>
