<?xml version="1.0"?>
<!DOCTYPE hibernate-mapping PUBLIC "-//Hibernate/Hibernate Mapping DTD 3.0//EN"
"http://www.hibernate.org/dtd/hibernate-mapping-3.0.dtd">
<!-- Generated Mar 20, 2021 11:44:09 AM by Hibernate Tools 4.3.1 -->
<hibernate-mapping>
    <class name="dao.User" table="user" catalog="biddingschema" optimistic-lock="version">
        <id name="id" type="java.lang.Integer">
            <column name="id" />
            <generator class="identity" />
        </id>
        <property name="email" type="string">
            <column name="email" length="50" not-null="true" />
        </property>
        <property name="address" type="string">
            <column name="address" length="150" not-null="true" />
        </property>
        <property name="phone" type="string">
            <column name="phone" length="45" />
        </property>
        <property name="mobile" type="string">
            <column name="mobile" length="45" />
        </property>
        <property name="dateOfBirth" type="date">
            <column name="date_of_birth" length="10" />
        </property>
        <property name="registrationDate" type="date">
            <column name="registration_date" length="10" not-null="true" />
        </property>
        <property name="userName" type="string">
            <column name="user_name" length="45" not-null="true" />
        </property>
        <property name="password" type="string">
            <column name="password" length="45" not-null="true" />
        </property>
        <property name="fullName" type="string">
            <column name="full_name" length="100" />
        </property>
        <set name="buyers" table="buyer" inverse="true" lazy="true" fetch="select">
            <key>
                <column name="user_id" not-null="true" unique="true" />
            </key>
            <one-to-many class="dao.Buyer" />
        </set>
        <one-to-one name="seller" class="dao.Seller"></one-to-one>
    </class>
</hibernate-mapping>
